{"cameraMode":{"drawMode":0,"name":"Shaded","section":"Shading Mode"},"sceneLighting":false,"audioPlay":false,"sceneViewState":{"showFog":true,"showMaterialUpdate":false,"showSkybox":false,"showFlares":true,"showImageEffects":true,"showParticleSystems":true},"in2DMode":false,"pivot":{"x":741.9503173828125,"y":47.87880325317383,"z":825.4904174804688},"rotation":{"x":0.00012164244981249794,"y":0.9996528029441834,"z":-0.027309447526931764,"w":0.0014586549950763584},"size":1.022560715675354,"orthographic":false}