{"cameraMode":{"drawMode":0,"name":"Shaded","section":"Shading Mode"},"sceneLighting":true,"audioPlay":false,"sceneViewState":{"showFog":true,"showMaterialUpdate":false,"showSkybox":true,"showFlares":true,"showImageEffects":true,"showParticleSystems":true},"in2DMode":false,"pivot":{"x":737.9226684570313,"y":39.962921142578128,"z":830.0322875976563},"rotation":{"x":0.0016657490050420166,"y":0.998435914516449,"z":-0.037764549255371097,"w":0.04225342348217964},"size":21.134971618652345,"orthographic":false}