{"cameraMode":{"drawMode":0,"name":"Shaded","section":"Shading Mode"},"sceneLighting":false,"audioPlay":false,"sceneViewState":{"showFog":true,"showMaterialUpdate":false,"showSkybox":false,"showFlares":true,"showImageEffects":true,"showParticleSystems":true},"in2DMode":false,"pivot":{"x":593.5725708007813,"y":164.5640411376953,"z":419.4128112792969},"rotation":{"x":-0.014545849524438382,"y":0.9833456873893738,"z":-0.15648424625396729,"w":-0.09142231941223145},"size":2377.728515625,"orthographic":false}