{"cameraMode":{"drawMode":0,"name":"Shaded","section":"Shading Mode"},"sceneLighting":true,"audioPlay":false,"sceneViewState":{"showFog":true,"showMaterialUpdate":false,"showSkybox":true,"showFlares":true,"showImageEffects":true,"showParticleSystems":true},"in2DMode":false,"pivot":{"x":821.1777954101563,"y":37.55365753173828,"z":834.4029541015625},"rotation":{"x":0.043992336839437488,"y":-0.5722452998161316,"z":-0.030737247318029405,"w":-0.8183665871620178},"size":77.91980743408203,"orthographic":false}