{"cameraMode":{"drawMode":0,"name":"Shaded","section":"Shading Mode"},"sceneLighting":false,"audioPlay":false,"sceneViewState":{"showFog":true,"showMaterialUpdate":false,"showSkybox":false,"showFlares":true,"showImageEffects":true,"showParticleSystems":true},"in2DMode":false,"pivot":{"x":746.607177734375,"y":44.793052673339847,"z":850.8515014648438},"rotation":{"x":0.13916607201099397,"y":-0.7168466448783875,"z":0.149653360247612,"w":0.6666173338890076},"size":16.16663360595703,"orthographic":false}