{"cameraMode":{"drawMode":0,"name":"Shaded","section":"Shading Mode"},"sceneLighting":true,"audioPlay":false,"sceneViewState":{"showFog":true,"showMaterialUpdate":false,"showSkybox":true,"showFlares":true,"showImageEffects":true,"showParticleSystems":true},"in2DMode":false,"pivot":{"x":389.0212707519531,"y":123.09418487548828,"z":432.1004638671875},"rotation":{"x":-0.0855548158288002,"y":0.37993335723876955,"z":0.035317543894052508,"w":0.9203723073005676},"size":10.0,"orthographic":false}